WELL_ID,SEQUENCE,NUM_INDEX
001_A01,CAAGGTGA,1
002_B01,TAGACCAA,1
003_C01,AGTCGCGA,1
004_D01,CGGTAGAG,1
005_E01,TCAGCATC,1
006_F01,AGAAGCAA,1
007_G01,GCAGGTTC,1
008_H01,AAGTGTCT,1
009_A02,CTACCGAA,1
010_B02,TAGAGCTC,1
011_C02,ATGTCAAG,1
012_D02,GCATCATA,1
013_E02,GACTTGAC,1
014_F02,CTACAATG,1
015_G02,TCTCAGCA,1
016_H02,AGACACAC,1
017_A03,CAGGTCTG,1
018_B03,AATACGCG,1
019_C03,GCACACAT,1
020_D03,CTTGCATA,1
021_E03,ATCCTCTT,1
022_F03,GCACCTAA,1
023_G03,TGCTGCTC,1
024_H03,TGGCACCA,1
025_A04,AGATGGAT,1
026_B04,GAATTGTG,1
027_C04,GAGCACTG,1
028_D04,GTTGCGGA,1
029_E04,AATGGAAC,1
030_F04,TCAGAGGT,1
031_G04,GCAACAAT,1
032_H04,GTCGATCG,1
033_A05,ATGGTAGC,1
034_B05,CGCCAATT,1
035_C05,GACAATTG,1
036_D05,ATATTCCG,1
037_E05,TCTACCTC,1
038_F05,TCGTCGTG,1
039_G05,ATGAGAAC,1
040_H05,GTCCTATA,1
041_A06,AATGACCA,1
042_B06,CAGACGCT,1
043_C06,TCGAACTG,1
044_D06,CGCTTCCA,1
045_E06,TATTCCTG,1
046_F06,CAAGTTAC,1
047_G06,CAGAGCAG,1
048_H06,CGCGCAAT,1
049_A07,TGAGGAGT,1
050_B07,ATGACGAA,1
051_C07,TACGGCGA,1
052_D07,AGCGAGTT,1
053_E07,TGTATCAC,1
054_F07,GATCGCCT,1
055_G07,GACTCAAT,1
056_H07,CAGCTTGC,1
057_A08,AGCTGAAG,1
058_B08,ATTCCGTG,1
059_C08,TATGCCGC,1
060_D08,TCAGCTCA,1
061_E08,AACTGCAA,1
062_F08,ATTAGGAG,1
063_G08,CAGCAATA,1
064_H08,GCCAAGCT,1
065_A09,TCCGTTAA,1
066_B09,GTGCAACG,1
067_C09,AGTAACGC,1
068_D09,CATAGCCA,1
069_E09,CACTAGTA,1
070_F09,TTAGTGCG,1
071_G09,TCGATACA,1
072_H09,ATAGTGAC,1
073_A10,AACGCATT,1
074_B10,CAGTTGCG,1
075_C10,TGCCTCGA,1
076_D10,AAGGCTTA,1
077_E10,GCAATGAA,1
078_F10,AAGAACCT,1
079_G10,CTGTGCCT,1
080_H10,TACGTAGC,1
081_A11,AAGTGGAC,1
082_B11,CAACCGTG,1
083_C11,CTGTTGTT,1
084_D11,GCACGATG,1
085_E11,GTACGGAC,1
086_F11,CTCCAAGC,1
087_G11,TAGTCTGA,1
088_H11,TTCGCCGT,1
089_A12,GAACTAAG,1
090_B12,AAGCCATC,1
091_C12,AACTCTTG,1
092_D12,GTAGTCAT,1
093_E12,CTCGCTAG,1
094_F12,AGTCTTCA,1
095_G12,TCAAGCTA,1
096_H12,CTTATCCT,1
097_A01,TCATCCTT,1
098_B01,AACACTCT,1
099_C01,CACCTAGA,1
100_D01,AGTTCATG,1
101_E01,GTTGGTGT,1
102_F01,GCTACGCA,1
103_G01,TCAACTGC,1
104_H01,AAGCGAAT,1
105_A02,GTGTTACA,1
106_B02,CAAGCCAT,1
107_C02,CTCTCGTG,1
108_D02,TCGACAAC,1
109_E02,TCGATGTT,1
110_F02,CAAGGAAG,1
111_G02,ATTGATGC,1
112_H02,TCGCAGAT,1
113_A03,GCAGAGAC,1
114_B03,CTGCGAGA,1
115_C03,CAACCAAC,1
116_D03,ATCATGCG,1
117_E03,TCTGAGTC,1
118_F03,TCGCCTGT,1
119_G03,GCGCAATT,1
120_H03,AGACGCCT,1
121_A04,CAGGCAGA,1
122_B04,TCCGCGAT,1
123_C04,CTCGTACG,1
124_D04,CACACATA,1
125_E04,CGTCAAGA,1
126_F04,TTCGCGCA,1
127_G04,CGACTACG,1
128_H04,GAAGGTAT,1
129_A05,TTGGCATG,1
130_B05,CGAATTCA,1
131_C05,TTAGTTGC,1
132_D05,GATGCCAA,1
133_E05,AGTTGCCG,1
134_F05,GTCCACCT,1
135_G05,ATCAAGGT,1
136_H05,GAACCAGA,1
137_A06,CATGTTCT,1
138_B06,TCACTGTG,1
139_C06,ATTGAGCT,1
140_D06,GATAGAGA,1
141_E06,TCTAGAGC,1
142_F06,GAATCGCA,1
143_G06,CTTCACGT,1
144_H06,CTCCGGTT,1
145_A07,TGTGACTA,1
146_B07,GCTTCCAG,1
147_C07,CATCCTGT,1
148_D07,GTAATACG,1
149_E07,GCCAACAA,1
150_F07,CATGACAC,1
151_G07,TGCAATGC,1
152_H07,CACATTCG,1
153_A08,CAATCCGA,1
154_B08,CATCGACG,1
155_C08,GTGCGCTT,1
156_D08,ATAGCGTT,1
157_E08,GAGTAAGA,1
158_F08,CTGACACA,1
159_G08,ATACGTGT,1
160_H08,GACCGAGT,1
161_A09,GCAGTTAG,1
162_B09,CGTTCGTC,1
163_C09,CGTTAACG,1
164_D09,TCGAGCAT,1
165_E09,GCCGTAAC,1
166_F09,GAGCTGTA,1
167_G09,AGGAAGAT,1
168_H09,CTAACAAG,1
169_A10,CGCTCAGA,1
170_B10,TAACGACA,1
171_C10,CATACTTG,1
172_D10,AGATACGA,1
173_E10,AATCCGAC,1
174_F10,TGAAGTAC,1
175_G10,CGAATCAT,1
176_H10,TGATTGGC,1
177_A11,TCGAAGGA,1
178_B11,CAGTCATT,1
179_C11,CGCGAACA,1
180_D11,TACGGTTG,1
181_E11,AGAACCGT,1
182_F11,AGGTGCTT,1
183_G11,ATCGCAAC,1
184_H11,GCCTCTCA,1
185_A12,TCGCGTCA,1
186_B12,GAGTGCGT,1
187_C12,CGAACACT,1
188_D12,TAAGAGTG,1
189_E12,TGGATTGA,1
190_F12,AGGACATA,1
191_G12,GACATCCT,1
192_H12,GAAGCCTC,1
193_A01,GTCTCTTC,1
194_B01,AGTCACTT,1
195_C01,AGCATACA,1
196_D01,TCAGACAA,1
197_E01,TTGGAGAA,1
198_F01,TTAACGTG,1
199_G01,CGTCTGTG,1
200_H01,AACCTAAC,1
201_A02,AGAGTGCT,1
202_B02,TTATCTCG,1
203_C02,CATCAGTC,1
204_D02,AAGCACAA,1
205_E02,CAGTGAGC,1
206_F02,GTCGAAGT,1
207_G02,TCTCATGC,1
208_H02,CAGAAGAA,1
209_A03,CGGATAGT,1
210_B03,CACGTGAG,1
211_C03,TACGATAC,1
212_D03,CGCATGCT,1
213_E03,GCTTGCTA,1
214_F03,GAACGCAA,1
215_G03,ATCTACCA,1
216_H03,CACGAGCT,1
217_A04,GCGGTATG,1
218_B04,TCTATGCG,1
219_C04,AGGTGAGA,1
220_D04,CACAACTT,1
221_E04,TTGTGTAC,1
222_F04,TCACAAGA,1
223_G04,GAAGACCT,1
224_H04,AGTTCTGT,1
225_A05,GCAGTGTT,1
226_B05,AGGCATGC,1
227_C05,AAGGTACT,1
228_D05,CACTAAGT,1
229_E05,GAGTCCTA,1
230_F05,AGTCCTTC,1
231_G05,TTAGGAAC,1
232_H05,AAGTCCAT,1
233_A06,GAATACGC,1
234_B06,TCCAATCA,1
235_C06,CGACGGTA,1
236_D06,CATTGCAT,1
237_E06,ATCTGCGT,1
238_F06,GTACCTTG,1
239_G06,GAGCATAC,1
240_H06,TGCTTACG,1
241_A07,AAGAGACA,1
242_B07,TAGCTATG,1
243_C07,TCTGCTAC,1
244_D07,GTCACAGA,1
245_E07,CGATTGAA,1
246_F07,GAGAGATT,1
247_G07,TCATACCG,1
248_H07,TCCGAACT,1
249_A08,AGAGAGAA,1
250_B08,GATCGTTA,1
251_C08,GCGCTAGA,1
252_D08,ATGACTCG,1
253_E08,CAATAGAC,1
254_F08,CGATATGC,1
255_G08,GTCAGAAT,1
256_H08,CATAAGGT,1
257_A09,TGTTGGTT,1
258_B09,ATACTCGC,1
259_C09,AATGCTAG,1
260_D09,GCCTAGGA,1
261_E09,GCAACCGA,1
262_F09,ATACTGCA,1
263_G09,TCTCCTTG,1
264_H09,CATGAATG,1
265_A10,CAATGCTG,1
266_B10,CTTGATCA,1
267_C10,GCGAATTA,1
268_D10,GTTCGAGC,1
269_E10,GCCAGTAG,1
270_F10,AAGGTCGA,1
271_G10,AGTGAAGT,1
272_H10,GTTGCAAG,1
273_A11,AGCCGGAA,1
274_B11,AACAGCCG,1
275_C11,CTAGTGTA,1
276_D11,GAGGCTCT,1
277_E11,CTCCGCAA,1
278_F11,CGCTATTG,1
279_G11,GTGTTGAG,1
280_H11,TCACCGAC,1
281_A12,CGGTAATC,1
282_B12,GTGACTGC,1
283_C12,CGACTTGT,1
284_D12,GATAGGAC,1
285_E12,AAGTACTC,1
286_F12,GCTCTCTC,1
287_G12,CTACCAGT,1
288_H12,GATGAGAT,1
289_A01,AGATAGTG,1
290_B01,AGAGGTTA,1
291_C01,CTGACCGT,1
292_D01,GCATGGAG,1
293_E01,CTGCCTTA,1
294_F01,GCGTCACT,1
295_G01,GCGATTAC,1
296_H01,TCACCACG,1
297_A02,AGACCTGA,1
298_B02,GCCGATAT,1
299_C02,CTTATTGC,1
300_D02,CGATACCT,1
301_E02,CTCGACAT,1
302_F02,GAGATCGC,1
303_G02,CGGTCTCT,1
304_H02,TAACTCAC,1
305_A03,CACAATGA,1
306_B03,GACTGACG,1
307_C03,CTTAAGAC,1
308_D03,GAGTGTAG,1
309_E03,TGCACATC,1
310_F03,CGATGTCG,1
311_G03,AACACCGA,1
312_H03,GATCCATG,1
313_A04,AGCTACAT,1
314_B04,CGCTGTAA,1
315_C04,CACTACCG,1
316_D04,GCTCACGA,1
317_E04,TGGCTTAG,1
318_F04,TCCAGACG,1
319_G04,AGTGGCAT,1
320_H04,TGTACCGA,1
321_A05,AAGACTAC,1
322_B05,TGCCGTTA,1
323_C05,TTGGATCT,1
324_D05,TCCTCCAA,1
325_E05,CGAGTCGA,1
326_F05,AGGCTCAT,1
327_G05,GACGTGCA,1
328_H05,GAACATGT,1
329_A06,AATTGGCA,1
330_B06,TGGAGACT,1
331_C06,AACTCACA,1
332_D06,GTAGACTG,1
333_E06,CGTAGTTA,1
334_F06,CGTCAGAT,1
335_G06,AACGGTCA,1
336_H06,GCCTTCAT,1
337_A07,TGAGACGC,1
338_B07,CATCGGAA,1
339_C07,TAGGACAT,1
340_D07,AACACAAG,1
341_E07,TTCGACTC,1
342_F07,GTCGGTAA,1
343_G07,GTTCATTC,1
344_H07,AAGCAGTT,1
345_A08,ATAAGCTG,1
346_B08,GCTTAGCG,1
347_C08,TTCCAACA,1
348_D08,TACCGCAT,1
349_E08,AGGCAATG,1
350_F08,GCCTCGTT,1
351_G08,CACGGATC,1
352_H08,GAGACACG,1
353_A09,AGAGTAAG,1
354_B09,AGTACGTT,1
355_C09,AACGCTGC,1
356_D09,GTAGAGCA,1
357_E09,TCCTGAGA,1
358_F09,CTGAATAG,1
359_G09,CAAGACTA,1
360_H09,GCACAGTA,1
361_A10,CTGAGCTA,1
362_B10,CTTGCGAT,1
363_C10,GAAGTAGT,1
364_D10,GTTATCGA,1
365_E10,TGTCGTCG,1
366_F10,CGTAACTG,1
367_G10,GCATGCCT,1
368_H10,TCGTACAC,1
369_A11,CACAGGTG,1
370_B11,AGCAGTGA,1
371_C11,ATTCCAGA,1
372_D11,TCCTTGAG,1
373_E11,ATACCTAC,1
374_F11,AGACCATT,1
375_G11,CGTAAGCA,1
376_H11,TCTGTCAG,1
377_A12,CACAGACT,1
378_B12,GTCGCCTA,1
379_C12,TGCGCTCT,1
380_D12,GCTATAAG,1
381_E12,CAACAACT,1
382_F12,AGAGAATC,1
383_G12,TAATGGTC,1
384_H12,GTTGTATC,1
001_A01,ATGGTTAG,2
002_B01,CAAGGTGA,2
003_C01,TAGACCAA,2
004_D01,AGTCGCGA,2
005_E01,AAGGAGCG,2
006_F01,TCAGCATC,2
007_G01,AGAAGCAA,2
008_H01,GCAGGTTC,2
009_A02,AAGTGTCT,2
010_B02,CTACCGAA,2
011_C02,TAGAGCTC,2
012_D02,ATGTCAAG,2
013_E02,GCATCATA,2
014_F02,GACTTGAC,2
015_G02,CTACAATG,2
016_H02,TCTCAGCA,2
017_A03,AGACACAC,2
018_B03,CAGGTCTG,2
019_C03,AATACGCG,2
020_D03,GCACACAT,2
021_E03,CTTGCATA,2
022_F03,ATCCTCTT,2
023_G03,GCACCTAA,2
024_H03,TGCTGCTC,2
025_A04,TGGCACCA,2
026_B04,AGATGGAT,2
027_C04,GAATTGTG,2
028_D04,GAGCACTG,2
029_E04,GTTGCGGA,2
030_F04,AATGGAAC,2
031_G04,TCAGAGGT,2
032_H04,GCAACAAT,2
033_A05,GTCGATCG,2
034_B05,ATGGTAGC,2
035_C05,CGCCAATT,2
036_D05,GACAATTG,2
037_E05,ATATTCCG,2
038_F05,TCTACCTC,2
039_G05,TCGTCGTG,2
040_H05,ATGAGAAC,2
041_A06,GTCCTATA,2
042_B06,AATGACCA,2
043_C06,CAGACGCT,2
044_D06,TCGAACTG,2
045_E06,CGCTTCCA,2
046_F06,TATTCCTG,2
047_G06,CAAGTTAC,2
048_H06,CAGAGCAG,2
049_A07,CGCGCAAT,2
050_B07,TGAGGAGT,2
051_C07,ATGACGAA,2
052_D07,TACGGCGA,2
053_E07,AGCGAGTT,2
054_F07,TGTATCAC,2
055_G07,GATCGCCT,2
056_H07,GACTCAAT,2
057_A08,CAGCTTGC,2
058_B08,AGCTGAAG,2
059_C08,ATTCCGTG,2
060_D08,TATGCCGC,2
061_E08,TCAGCTCA,2
062_F08,AACTGCAA,2
063_G08,ATTAGGAG,2
064_H08,CAGCAATA,2
065_A09,GCCAAGCT,2
066_B09,TCCGTTAA,2
067_C09,GTGCAACG,2
068_D09,AGTAACGC,2
069_E09,CATAGCCA,2
070_F09,CACTAGTA,2
071_G09,TTAGTGCG,2
072_H09,TCGATACA,2
073_A10,ATAGTGAC,2
074_B10,AACGCATT,2
075_C10,CAGTTGCG,2
076_D10,TGCCTCGA,2
077_E10,AAGGCTTA,2
078_F10,GCAATGAA,2
079_G10,AAGAACCT,2
080_H10,CTGTGCCT,2
081_A11,TACGTAGC,2
082_B11,AAGTGGAC,2
083_C11,CAACCGTG,2
084_D11,CTGTTGTT,2
085_E11,GCACGATG,2
086_F11,GTACGGAC,2
087_G11,CTCCAAGC,2
088_H11,TAGTCTGA,2
089_A12,ATACGAAG,2
090_B12,GAGATTCA,2
091_C12,AAGCCATC,2
092_D12,AACTCTTG,2
093_E12,GTAGTCAT,2
094_F12,CAGTATCA,2
095_G12,CTTCGTAC,2
096_H12,TCAAGCTA,2
097_A01,CTTATCCT,2
098_B01,TCATCCTT,2
099_C01,AACACTCT,2
100_D01,CACCTAGA,2
101_E01,AGTTCATG,2
102_F01,GTTGGTGT,2
103_G01,GCTACGCA,2
104_H01,TCAACTGC,2
105_A02,AAGCGAAT,2
106_B02,GTGTTACA,2
107_C02,CAAGCCAT,2
108_D02,CTCTCGTG,2
109_E02,TCGACAAC,2
110_F02,TCGATGTT,2
111_G02,AGAGAATC,2
112_H02,TTGATGGC,2
113_A03,TCGCAGAT,2
114_B03,GCAGAGAC,2
115_C03,CTGCGAGA,2
116_D03,CAACCAAC,2
117_E03,ATCATGCG,2
118_F03,TCTGAGTC,2
119_G03,TCGCCTGT,2
120_H03,GCGCAATT,2
121_A04,AGACGCCT,2
122_B04,CAGGCAGA,2
123_C04,TCCGCGAT,2
124_D04,CTCGTACG,2
125_E04,CACACATA,2
126_F04,CGTCAAGA,2
127_G04,TTCGCGCA,2
128_H04,CGACTACG,2
129_A05,GAAGGTAT,2
130_B05,TTGGCATG,2
131_C05,CGAATTCA,2
132_D05,TTAGTTGC,2
133_E05,GATGCCAA,2
134_F05,AGTTGCCG,2
135_G05,GTCCACCT,2
136_H05,ATCAAGGT,2
137_A06,GAACCAGA,2
138_B06,CATGTTCT,2
139_C06,TCACTGTG,2
140_D06,ATTGAGCT,2
141_E06,GATAGAGA,2
142_F06,TCTAGAGC,2
143_G06,GAATCGCA,2
144_H06,CTTCACGT,2
145_A07,CTCCGGTT,2
146_B07,TGTGACTA,2
147_C07,GCTTCCAG,2
148_D07,CATCCTGT,2
149_E07,GTAATACG,2
150_F07,GCCAACAA,2
151_G07,CATGACAC,2
152_H07,TGCAATGC,2
153_A08,CACATTCG,2
154_B08,CAATCCGA,2
155_C08,CATCGACG,2
156_D08,GTGCGCTT,2
157_E08,ATAGCGTT,2
158_F08,GAGTAAGA,2
159_G08,CTGACACA,2
160_H08,ATACGTGT,2
161_A09,GACCGAGT,2
162_B09,GCAGTTAG,2
163_C09,CGTTCGTC,2
164_D09,CGTTAACG,2
165_E09,TCGAGCAT,2
166_F09,GCCGTAAC,2
167_G09,GAGCTGTA,2
168_H09,AGGAAGAT,2
169_A10,CTAACAAG,2
170_B10,CGCTCAGA,2
171_C10,TAACGACA,2
172_D10,CATACTTG,2
173_E10,AGATACGA,2
174_F10,AATCCGAC,2
175_G10,TGAAGTAC,2
176_H10,CGAATCAT,2
177_A11,TGATTGGC,2
178_B11,TCGAAGGA,2
179_C11,CAGTCATT,2
180_D11,CGCGAACA,2
181_E11,TACGGTTG,2
182_F11,AGAACCGT,2
183_G11,AGGTGCTT,2
184_H11,ATCGCAAC,2
185_A12,GCCTCTCA,2
186_B12,TCGCGTCA,2
187_C12,GCATAAGT,2
188_D12,AGAAGACG,2
189_E12,TAAGAGTG,2
190_F12,TGGATTGA,2
191_G12,AGGACATA,2
192_H12,GACATCCT,2
193_A01,GAAGCCTC,2
194_B01,GTCTCTTC,2
195_C01,AGTCACTT,2
196_D01,AGCATACA,2
197_E01,TCAGACAA,2
198_F01,TTGGAGAA,2
199_G01,TTAACGTG,2
200_H01,CGTCTGTG,2
201_A02,AACCTAAC,2
202_B02,AGAGTGCT,2
203_C02,TTATCTCG,2
204_D02,CATCAGTC,2
205_E02,AAGCACAA,2
206_F02,CAGTGAGC,2
207_G02,GTCGAAGT,2
208_H02,TCTCATGC,2
209_A03,CAGAAGAA,2
210_B03,CGGATAGT,2
211_C03,CACGTGAG,2
212_D03,TACGATAC,2
213_E03,CGCATGCT,2
214_F03,GCTTGCTA,2
215_G03,GAACGCAA,2
216_H03,ATCTACCA,2
217_A04,CACGAGCT,2
218_B04,GCGGTATG,2
219_C04,TCTATGCG,2
220_D04,AGGTGAGA,2
221_E04,CACAACTT,2
222_F04,TTGTGTAC,2
223_G04,TCACAAGA,2
224_H04,GAAGACCT,2
225_A05,AGTTCTGT,2
226_B05,GCAGTGTT,2
227_C05,AGGCATGC,2
228_D05,AAGGTACT,2
229_E05,CACTAAGT,2
230_F05,GAGTCCTA,2
231_G05,AGTCCTTC,2
232_H05,TTAGGAAC,2
233_A06,AAGTCCAT,2
234_B06,GAATACGC,2
235_C06,TCCAATCA,2
236_D06,CGACGGTA,2
237_E06,CATTGCAT,2
238_F06,ATCTGCGT,2
239_G06,GTACCTTG,2
240_H06,GAGCATAC,2
241_A07,TGCTTACG,2
242_B07,AAGAGACA,2
243_C07,TAGCTATG,2
244_D07,TCTGCTAC,2
245_E07,GTCACAGA,2
246_F07,CGATTGAA,2
247_G07,GAGAGATT,2
248_H07,TCATACCG,2
249_A08,TCCGAACT,2
250_B08,AGAGAGAA,2
251_C08,GATCGTTA,2
252_D08,GCGCTAGA,2
253_E08,ATGACTCG,2
254_F08,CAATAGAC,2
255_G08,CGATATGC,2
256_H08,GCACTACT,2
257_A09,GATTCGGC,2
258_B09,TGTTGGTT,2
259_C09,ATACTCGC,2
260_D09,AATGCTAG,2
261_E09,GCCTAGGA,2
262_F09,GCAACCGA,2
263_G09,ATACTGCA,2
264_H09,TCTCCTTG,2
265_A10,CATGAATG,2
266_B10,CAATGCTG,2
267_C10,CTTGATCA,2
268_D10,GCGAATTA,2
269_E10,GTTCGAGC,2
270_F10,GCCAGTAG,2
271_G10,CAGTATCA,2
272_H10,ATAACGGC,2
273_A11,GTTGCAAG,2
274_B11,AGCCGGAA,2
275_C11,AACAGCCG,2
276_D11,CTAGTGTA,2
277_E11,GAGGCTCT,2
278_F11,CTCCGCAA,2
279_G11,CGCTATTG,2
280_H11,GTGTTGAG,2
281_A12,TCACCGAC,2
282_B12,CGGTAATC,2
283_C12,GTGACTGC,2
284_D12,CGACTTGT,2
285_E12,GATAGGAC,2
286_F12,AAGTACTC,2
287_G12,GCTCTCTC,2
288_H12,CTACCAGT,2
289_A01,GATGAGAT,2
290_B01,AGATAGTG,2
291_C01,AGAGGTTA,2
292_D01,CTGACCGT,2
293_E01,GCATGGAG,2
294_F01,CTGCCTTA,2
295_G01,GCGTCACT,2
296_H01,GCGATTAC,2
297_A02,TCACCACG,2
298_B02,AGACCTGA,2
299_C02,GCCGATAT,2
300_D02,CTTATTGC,2
301_E02,CGATACCT,2
302_F02,CTCGACAT,2
303_G02,GAGATCGC,2
304_H02,CGGTCTCT,2
305_A03,TAACTCAC,2
306_B03,CACAATGA,2
307_C03,GACTGACG,2
308_D03,CTTAAGAC,2
309_E03,GAGTGTAG,2
310_F03,TGCACATC,2
311_G03,CGATGTCG,2
312_H03,AACACCGA,2
313_A04,GATCCATG,2
314_B04,AGCTACAT,2
315_C04,CGCTGTAA,2
316_D04,CACTACCG,2
317_E04,GCTCACGA,2
318_F04,TGGCTTAG,2
319_G04,TCCAGACG,2
320_H04,AGTGGCAT,2
321_A05,TGTACCGA,2
322_B05,AAGACTAC,2
323_C05,TGCCGTTA,2
324_D05,TTGGATCT,2
325_E05,TCCTCCAA,2
326_F05,CGAGTCGA,2
327_G05,AGGCTCAT,2
328_H05,GACGTGCA,2
329_A06,GAACATGT,2
330_B06,AATTGGCA,2
331_C06,TGGAGACT,2
332_D06,AACTCACA,2
333_E06,GTAGACTG,2
334_F06,CGTAGTTA,2
335_G06,CGTCAGAT,2
336_H06,AACGGTCA,2
337_A07,GCCTTCAT,2
338_B07,TGAGACGC,2
339_C07,CATCGGAA,2
340_D07,TAGGACAT,2
341_E07,AACACAAG,2
342_F07,TTCGACTC,2
343_G07,GTCGGTAA,2
344_H07,GTTCATTC,2
345_A08,AAGCAGTT,2
346_B08,ATAAGCTG,2
347_C08,GCTTAGCG,2
348_D08,TTCCAACA,2
349_E08,TACCGCAT,2
350_F08,AGGCAATG,2
351_G08,GCCTCGTT,2
352_H08,CACGGATC,2
353_A09,GAGACACG,2
354_B09,AGAGTAAG,2
355_C09,AGTACGTT,2
356_D09,AACGCTGC,2
357_E09,GTAGAGCA,2
358_F09,TCCTGAGA,2
359_G09,CTGAATAG,2
360_H09,CAAGACTA,2
361_A10,GCACAGTA,2
362_B10,CTGAGCTA,2
363_C10,CTTGCGAT,2
364_D10,GAAGTAGT,2
365_E10,GTTATCGA,2
366_F10,TGTCGTCG,2
367_G10,CGTAACTG,2
368_H10,GCATGCCT,2
369_A11,TCGTACAC,2
370_B11,CACAGGTG,2
371_C11,AGCAGTGA,2
372_D11,ATTCCAGA,2
373_E11,TCCTTGAG,2
374_F11,ATACCTAC,2
375_G11,AGACCATT,2
376_H11,CGTAAGCA,2
377_A12,TCTGTCAG,2
378_B12,CACAGACT,2
379_C12,GTCGCCTA,2
380_D12,TGCGCTCT,2
381_E12,GCTATAAG,2
382_F12,CTCTCACT,2
383_G12,AGACGAGC,2
384_H12,TAATGGTC,2
